Hohenschönhausen,Lichtenberg
Kreuzberg,Friedrichshain-Kreuzberg
Lichterfelde,Steglitz-Zehlendorf
Wedding,Mitte
Schöneberg,Tempelhof-Schöneberg
Tiergarten,Mitte
Friedrichshain,Friedrichshain-Kreuzberg
Lankwitz,Steglitz-Zehlendorf
Steglitz,Steglitz-Zehlendorf
Oberschöneweide,Treptow-Köpenick
Zehlendorf,Steglitz-Zehlendorf
Wilmersdorf,Charlottenburg-Wilmersdorf
Charlottenburg,Charlottenburg-Wilmersdorf
Köpenick,Treptow-Köpenick
Prenzlauer Berg,Pankow
Altglienicke,Treptow-Köpenick
Hermsdorf,Reinickendorf
Marzahn,Marzahn-Hellersdorf
Gatow,Spandau
Tempelhof,Tempelhof-Schöneberg
Heinersdorf,Pankow
Weißensee,Pankow
Blankenburg,Pankow
Niederschöneweide,Treptow-Köpenick
Tegel,Reinickendorf
Friedrichshagen,Treptow-Köpenick
Blankenfelde,Pankow
Rudow,Neukölln
Karlshorst,Lichtenberg
Biesdorf,Marzahn-Hellersdorf
"Charlottenburg ",Charlottenburg-Wilmersdorf
Britz,Neukölln
Lichtenrade,Tempelhof-Schöneberg
Hellersdorf,Marzahn-Hellersdorf
Wittenau,Reinickendorf
Bohnsdorf,Treptow-Köpenick
Friedrichsfelde,Lichtenberg
Rummelsburg,Lichtenberg
Fennpfuhl,Lichtenberg
Moabit,Mitte
Hansaviertel,Mitte
Charlottenburg-Nord,Charlottenburg-Wilmersdorf
Halensee,Charlottenburg-Wilmersdorf
Grunewald,Charlottenburg-Wilmersdorf
Friedenau,Tempelhof-Schöneberg
Mariendorf,Tempelhof-Schöneberg
Buckow,Neukölln
Gropiusstadt,Neukölln
Alt-Treptow,Treptow-Köpenick
Plänterwald,Treptow-Köpenick
Baumschulenweg,Treptow-Köpenick
Johannisthal,Treptow-Köpenick
Adlershof,Treptow-Köpenick
Grünau,Treptow-Köpenick
Schmöckwitz,Treptow-Köpenick
Müggelheim,Treptow-Köpenick
Rahnsdorf,Treptow-Köpenick
Marienfelde,Tempelhof-Schöneberg
Kaulsdorf,Marzahn-Hellersdorf
Mahlsdorf,Marzahn-Hellersdorf
Malchow,Lichtenberg
Alt-Hohenschönhausen,Lichtenberg
Wartenberg,Lichtenberg
Neu-Hohenschönhausen,Lichtenberg
Stadtrandsiedlung Malchow,Pankow
Falkenberg,Lichtenberg
Karow,Pankow
Buch,Pankow
Französisch Buchholz,Pankow
Niederschönhausen,Pankow
Rosenthal,Pankow
Wilhelmsruh,Pankow
Gesundbrunnen,Mitte
Märkisches Viertel,Reinickendorf
Frohnau,Reinickendorf
Waidmannslust,Reinickendorf
Lübars,Reinickendorf
Heiligensee,Reinickendorf
Konradshöhe,Reinickendorf
Borsigwalde,Reinickendorf
Staaken,Spandau
Wilhelmstadt,Spandau
Falkenhagener Feld,Spandau
Hakenfelde,Spandau
Haselhorst,Spandau
Siemensstadt,Spandau
Westend,Charlottenburg-Wilmersdorf
Kladow,Spandau
Wannsee,Steglitz-Zehlendorf
Nikolassee,Steglitz-Zehlendorf
Dahlem,Steglitz-Zehlendorf
Schmargendorf,Charlottenburg-Wilmersdorf